# m, b, r2, temp_predict, tjump_imax, predict_err
1.321170083915911963e-03,1.144363511783997580e-03,9.820492508253008124e-01,5.561096826928847214e+00,8.491518273282094853e-03,7.015820550055597510e-04
