# m, b, r2, temp_predict, tjump_imax, predict_err
1.321170083915911963e-03,1.144363511783997580e-03,9.820492508253008124e-01,1.438280990939884707e-01,1.334384893533468444e-03,4.299126032349723090e-05
