# m, b, r2, temp_predict, tjump_imax, predict_err
1.321170083915911963e-03,1.144363511783997580e-03,9.820492508253008124e-01,4.164649496419535524e+00,6.646573836448956343e-03,5.536610403465627847e-04
