# m, b, r2, temp_predict, tjump_imax, predict_err
1.321170083915911963e-03,1.144363511783997580e-03,9.820492508253008124e-01,4.603053781241386311e+00,7.225780462216136249e-03,3.391728232691508201e-05
