# m, b, r2, temp_predict, tjump_imax, predict_err
1.321170083915911963e-03,1.144363511783997580e-03,9.820492508253008124e-01,4.620435732933024120e+00,7.248744976791199682e-03,4.442648052742898912e-05
