# m, b, r2, temp_predict, tjump_imax, predict_err
1.321170083915911963e-03,1.144363511783997580e-03,9.820492508253008124e-01,2.045988659108802121e+00,3.847462520229777503e-03,4.389514834612906062e-05
