# m, b, r2, temp_predict, tjump_imax, predict_err
1.321170083915911963e-03,1.144363511783997580e-03,9.820492508253008124e-01,4.017603203835245829e+00,6.452300673735845982e-03,3.687062974315872025e-05
