# m, b, r2, temp_predict, tjump_imax, predict_err
1.321170083915911963e-03,1.144363511783997580e-03,9.820492508253008124e-01,4.613785303709943442e+00,7.239958628656464890e-03,3.167537297815429978e-05
