# m, b, r2, temp_predict, tjump_imax, predict_err
1.321170083915911963e-03,1.144363511783997580e-03,9.820492508253008124e-01,4.637848392844667877e+00,7.271750062147865415e-03,3.447076887398371401e-05
