# m, b, r2, temp_predict, tjump_imax, predict_err
1.321170083915911963e-03,1.144363511783997580e-03,9.820492508253008124e-01,4.338357635430465820e+00,6.876071833042903848e-03,3.378539088771530556e-05
