# m, b, r2, temp_predict, tjump_imax, predict_err
1.321170083915911963e-03,1.144363511783997580e-03,9.820492508253008124e-01,4.554018085971909713e+00,7.160995968582086792e-03,3.284996781597998957e-05
