# m, b, r2, temp_predict, tjump_imax, predict_err
1.321170083915911963e-03,1.144363511783997580e-03,9.820492508253008124e-01,4.560108009720157618e+00,7.169041793651600297e-03,3.611548936007916074e-05
