# Guinier Fit for 50C | 22 December 2023q2,ln(I)
4.374907877265744676e-04,2.371925906097315906e+00
4.999144831739093684e-04,2.326196945272802630e+00
5.664995728473387225e-04,2.274895323178270701e+00
6.372460208503720512e-04,2.218431017633594404e+00
7.121537890433024673e-04,2.157247696675227644e+00
