# Guinier Rg and I0 parameters for 50C | 22 January 2024Rg,Rg_err,I0,I0_err
4.822345517467488207e+01,7.858839807361579943e+00,1.233350100092151180e+01,3.056279736945932517e-03
